"Timestamp","Please select your principal occupation","What is your expertise in BPMN modeling?","What is your expertise in UML activity diagrams?","What is your expertise in computer and information security?","What is your expertise in information privacy?","What is your expertise in security/privacy by design? ","Please examine Figures A and B. Which of them offers an immediate overview of how privacy-by data minimization is managed in the business process?","Please examine Figures A and B more carefully. Is there a requirement that the ""Evaluation"" and the ""EHR"" data objects should not be linked to each other?","Which one of the figures was more useful for you to answer the previous question?","Examine for few seconds Figure C. Shall it be possible that an outsider adversary can detect when a telemedicine device is sending messages to the system portal?","Examine for few seconds Figure D and the text below it. Shall it be possible that the system or any participant traces an evaluation message back to its sender?","Which of the figures (C and D) is easier to read?","Which of the figures (C and D) is more effective for communication with non-technical stakeholders?","Which of the figures (C and D)  would you use to design a privacy-aware business process?","Examine for few seconds Figure C. Does it contain conflicts or potential conflicts between security and data-minimization requirements?","If your answer in the previous question was Yes, please specify one example of such conflicts.","Does any of these cases occur in Figure C?","Did you notice this conflict in Task 3, when manually searching conflicts in the model? ","Imagine that such a highlighting and warning would have been available to you when performing Task 3. How helpful would this information have been to you? ","Imagine that such a highlighting and warning would have been available to you when performing Task 3. How helpful would this information have been to you? ","Please examine Figures G and H. Which of them offers an immediate overview of how fairness is managed in the business process?","How helpful would be a model-based methodology (such as what you have seen in this survey) for system designers to support security, privacy and fairness by design?","Do you have any comments regarding the BPMN extension presented here? If yes, please specify it here.","Do you have any comments regarding this questionnaire? If yes, please specify it here."
"2019/01/25 10:46:26 AM GMT+1","MSc Student","3","3","3","3","3","Figure B","I don't know","Figure B","No","No","Figure D","Figure D","Figure D","I don't know","","I don't know","No","4","4","Figure H","2","Nothing so far. The BPMN model described here takes care of anonymity, privacy, fairness and linking","Nothing so far"
"2019/01/25 10:50:54 AM GMT+1","MSc Student","3","3","3","3","3","Figure B","No","Equally useful","Yes","Yes","Figure C","Equally effective","Figure D","No","","Case 2","Yes","3","3","Figure G","2","",""
"2019/01/25 10:53:09 AM GMT+1","MSc Student","3","2","3","3","3","Figure B","No","Figure A","No","Yes","Figure D","Figure D","Figure D","I don't know","","Case 2","No","5","3","Figure H","3","",""
"2019/01/25 10:53:31 AM GMT+1","MSc Student","2","3","2","2","1","Figure B","Yes","Figure B","No","Yes","Figure C","Figure D","Figure C","Yes","Encryption of data from tele medicene device to system portal","Case 2","Yes","2","2","Figure H","3","",""
"2019/01/25 10:57:45 AM GMT+1","MSc Student","2","3","2","2","2","Figure B","I don't know","Figure A","I don't know","I don't know","Figure D","Equally effective","Either of them, it does not make any difference","I don't know","","I don't know","No","3","3","None","2","",""
"2019/01/25 10:59:41 AM GMT+1","MSc Student","1","3","3","2","1","Figure B","Yes","Figure B","No","No","Equally easy to read","Figure D","Figure C","No","","Case 3","Yes","4","3","Figure H","3","When a person submits a request form, I imagine a form of message id will be attached to this request. This event will be stored in database as a fact. To support anonymity, there should not be any mapping between the person and message ID. But to support authenticity, we still require this information. While the diagrams show what element of security is offered at each step, it is hard to imagine how this is handled in the backend. But on the high level, these diagrams provide a good overview of security aspects that are taken into account at the time of design using a BPMN model.",""
"2019/01/25 11:02:37 AM GMT+1","BSc Student","2","3","3","3","2","Both","Yes","Figure B","No","No","","Figure C","Figure C","Yes","Unlinkability and binding of duty could be difficult to maintain at the same time","Case 1;Case 2","Yes","","","Figure H","3","",""
"2019/01/25 11:04:16 AM GMT+1","MSc Student","2","4","3","3","1","Figure B","Yes","Figure B","No","Yes","Figure D","Figure D","Figure D","No","","Case 1;Case 2;Case 3","No","3","3","Figure G","3","",""
"2019/01/25 11:06:28 AM GMT+1","MSc Student","1","3","3","2","2","Figure B","Yes","Figure B","No","Yes","Figure D","Figure D","Figure D","No","","Case 1;Case 2;Case 3","No","3","4","Figure H","3","I think adding more information to what the different annotations mean, just a one liner would be very helpful to understand the designs better. ","the questionnaire was very helpful, however, if the flow was also textually explained it would help beginners understand better.  "
"2019/01/25 11:07:46 AM GMT+1","MSc Student","1","4","4","4","4","Figure B","No","Figure A","Yes","No","Figure D","Figure D","Figure D","No","","Case 3","No","3","3","Figure H","3","no","There is so many diagram we are dealing with this kind of stuff very first time. So there should be less diagram in the survey so we able to understand it in detials "
"2019/01/25 11:12:20 AM GMT+1","MSc Student","2","4","2","3","2","Both","Yes","Figure B","Yes","No","Equally easy to read","Figure D","Figure C","Yes","Patient can fill the forms anonymously, but he can't submit it without being able to deny he did it. Tm device and patient are required to be executed by the same person and they're also required not to be linked as related. ","Case 2","Yes","5","5","Figure H","3","",""
"2019/01/25 11:14:28 AM GMT+1","MSc Student","5","4","3","4","2","Figure B","Yes","Figure B","No","I don't know","Figure D","Figure C","Figure C","No","","Case 1;Case 3","No","5","5","Figure H","3","Please build a tool that automatically highlight any conflicts, which prevents overseeing an important security gap.",""
"2019/01/25 11:27:48 AM GMT+1","MSc Student","3","3","4","4","4","Figure B","Yes","Figure B","No","No","Equally easy to read","Figure D","Figure C","I don't know","","Case 1","Yes","3","4","Figure H","3","I really interested in this project because of my BSc background in IT security. I believe this approach is helpful for design secure system. ",""
"2019/01/25 11:33:24 AM GMT+1","MSc Student","2","3","2","2","2","Figure B","Yes","Equally useful","No","Yes","Equally easy to read","Figure C","Figure C","Yes","Like binding of duty and unlinkability between device and patient. how these two are possible at the same time.","Case 1;Case 2;Case 3","Yes","5","3","Figure H","3","Yeah, these notations for privacy, fairness and security are very informative the exact system with all the three concerns in mind","It was well organized questionaire. Thank you"
"2019/01/25 11:39:01 AM GMT+1","MSc Student","1","3","1","1","1","Figure B","Yes","Figure B","No","Yes","Equally easy to read","Equally effective","Figure C","I don't know","","Case 1;Case 3","No","4","4","Figure H","2","",""
"2019/01/25 11:41:25 AM GMT+1","MSc Student","1","3","1","1","1","Figure B","Yes","Figure B","No","No","Equally easy to read","Figure D","Figure C","I don't know","","Case 1","No","5","3","Figure G","3","I liked the implemntation of detecting the conflicts in figure E",""
"2019/01/25 11:48:48 AM GMT+1","MSc Student","3","2","4","3","2","Figure B","Yes","Figure B","No","No","Figure D","Figure D","Figure C","Yes","The evaluation is accountable to anyone but the user requires anonymization ","Case 1;Case 3","No","5","3","Figure H","3","Found question 11 misleading as in my opinion figure and text below expressed different things","Keep up the good security model"
"2019/01/25 11:51:11 AM GMT+1","MSc Student","3","3","5","4","3","Figure B","Yes","Figure B","No","No","Figure C","Figure C","Figure C","Yes","Binding of duty vs unlinkability ","Case 1;Case 2","Yes","5","5","Figure H","3","",""
"2019/01/25 11:59:11 AM GMT+1","MSc Student","1","3","3","2","2","Figure B","I don't know","Figure B","I don't know","No","Figure D","Figure D","Figure D","I don't know","","Case 2","No","3","3","Figure H","2","Sehr gut! :)",""
"2019/01/25 12:43:43 PM GMT+1","Researcher (e.g., professor, PhD student, etc.)","4","1","5","4","3","","","","","","","","","","","","","","","","","",""
"2019/01/25 1:19:51 PM GMT+1","Researcher (e.g., professor, PhD student, etc.)","4","3","4","4","3","None","Yes","Figure B","No","I don't know","Figure D","Figure D","Figure C","Yes","Evaluation form shall be filled anonymiously. At the same time it should be impossible for the patient to repudiate that he/she filled the form. How to achieve both at the same time?","Case 1;Case 2;Case 3","No","4","5","None","2","Helpful. Usability sometimes suffers from overly complex concepts or modelling languages. Simplicity supports clarity. Experts that are trained and experienced with notation and extensions will find such extensions useful, since it's fast and easy to express and capture specific requirements.",""
"2019/01/26 2:10:17 PM GMT+1","Researcher (e.g., professor, PhD student, etc.)","2","4","4","4","5","Figure B","No","Equally useful","No","No","Equally easy to read","Figure D","Either of them, it does not make any difference","Yes","it possible to have it in (emergency unit) between non repudiation and anonymity also (tele medicin device) unlinkability and confidentiality ","Case 2","No","5","5","Figure H","3","",""
"2019/01/27 11:05:31 AM GMT+1","Researcher (e.g., professor, PhD student, etc.)","5","4","3","3","3","Figure B","No","Figure B","No","Yes","Equally easy to read","Figure D","Either of them, it does not make any difference","Yes","Anonimity and non repudiation of EHR","Case 3","Yes","5","4","Figure H","2","",""
"2019/01/27 8:48:31 PM GMT+1","Researcher (e.g., professor, PhD student, etc.)","5","4","3","2","2","Figure B","Yes","Figure B","No","No","Figure D","Figure D","Figure C","I don't know","","Case 1","Yes","4","5","Figure H","2","BPMN has often been criticized for being an over-engineered modeling language. An extension which introduces yet another set of symbols and concepts could make the resulting model difficult to read and design. In this case, the possibility to define views on a process that hide BPMN constructs while designing privacy and security constraints could help.",""
"2019/01/28 10:45:56 AM GMT+1","Researcher (e.g., professor, PhD student, etc.)","2","2","2","3","1","Figure A","I don't know","None of them","I don't know","I don't know","Figure D","Equally effective","Figure D","I don't know","","I don't know","No","1","1","Figure G","1","",""
"2019/01/28 1:55:14 PM GMT+1","Researcher (e.g., professor, PhD student, etc.)","3","5","5","3","3","Figure B","Yes","Figure B","No","No","Figure D","Figure C","Figure C","No","","Case 1;Case 3","No","4","4","Figure H","3","The fairness could be more precise and it is not clear its syntax and if it can be enough flexible to cover most of the situations","I think this work is very good and interesting. However, in some parts of the questionnaire, it is obvious that the interviewee answer positively, because the figure illustrated before does not show such concepts. Therefore, this could confirm that the new version is able to describe new aspects, but in most of the cases it is not asked if the new way of modeling is clear, easy to use, and above all if it really enables the analyst to resent such concept in a complete, exhaustive way and if it can cover most of the cases (how much the new way of modeling is expressive, if it is enough espressive, etc.). Thus, researchers of this survey will be able to conclude this work with some limited evidences, showing partial and less strong results (than the ones could achieve by posing also the questions I reported above). I expect in a potential paper presenting these results, a section of Threats to Validity highlighting these limitations in a very clear way."
"2019/01/28 2:52:30 PM GMT+1","Researcher (e.g., professor, PhD student, etc.)","3","4","4","5","4","Figure B","Yes","Figure B","No","Yes","Equally easy to read","Figure C","Figure C","Yes","When the Tele-medicine Device sends the Measures to the System Portal","Case 1","No","5","5","Figure H","3","The notation is really helpful. In my opinion, it can facilitate the process of designing critical systems with sensitive information.",""
"2019/01/28 4:42:07 PM GMT+1","Practitioner (e.g., programmer, professional consultant, etc.)","1","4","5","4","5","Figure B","I don't know","Equally useful","","I don't know","Figure D","Figure D","Figure D","I don't know","","Case 1","No","4","4","Both","3","",""
"2019/01/29 12:17:10 AM GMT+1","Researcher (e.g., professor, PhD student, etc.)","4","3","3","3","2","None","I don't know","Figure B","No","No","Figure C","Figure C","Figure C","No","","Case 1;Case 2;Case 3","Yes","5","3","None","2","It is very hard to give meaningful feedback without a clear explanation of the proposes notation and the respective semantics. I do not have the feeling I gave really informed answers.","I think I got lost by some of the solutions proposed in the model (e.g., a control flow apparently used to express a message flow or non-connected processes inside a same pool), which I have the feeling are wrong. So, I got distracted from the actual task."
"2019/01/30 2:31:22 AM GMT+1","Practitioner (e.g., programmer, professional consultant, etc.)","4","4","4","4","4","Figure B","Yes","Figure B","No","No","Figure C","Figure C","Figure C","I don't know","","Case 1;Case 2","Yes","4","4","Figure H","2","",""